"Menurut Anda, bagaimana pendapat anda tentang society 5.0 yang merupakan era munculnya big data, robotic dan kecerdasan buatan?"
"Memberikan informasi dari sensor di ruang fisik terakumulasi di dunia maya dan dianalisis oleh kecerdasan buatan, dan hasilnya diumpan kembali ke manusia dalam ruang fisik dalam berbagai bentuk."
"Semakin berkembang"
"Sebuah konsep yg berpusat pd Human yg berkolaborasi dgn teknologi dalam memecahkan permasalahan sosial. Diharapkan dgn adanya konsep ini berbagai gap / kesenjangan dlm masyarakat dpt teratasi secara lebih efektif"
"Perlu adanya penyesuain personal bagaimana untuk bisa mengikuti arah perkembangan baru itu dan Sekiranya membawa hal yang positif "
"Menurut saya kurang tau"
"Society 5.0 menurut saya merupakan hal yang akan memudahkan manusia dalam kesehariannya dan dapat membantu permasalahan yang semakin beragam. Meskipun society 5.0 ini sepertinya terdengar seperti tetang kemajuan teknologi yang tinggi, tetapi pada era ini softskill manusia juga berperan penting agar kemajuan teknologi bisa berintegrasi dengan kehidupan nyata."
"Tidak masalah asal dengan adanya perubahan yang begitu cepat SDMnya juga harus siap dengan perubahan dengan cara continues improvement skill and etc."
"Menurut saya society 5.0 memiliki dampak positif dan negatifnya. Dampak positifnya adalah pekerjaan manusia dapat dimudahkan bahkan digantikan oleh teknologi yang ada, sehingga akan lebih menghemat biaya tenaga kerja. Namun dampak negatifnya akan memunculkan lebih banyak pengangguran jika sumber daya manusianya tidak dapat menyesuaikan dengan perkembangan teknologi yang ada, yaitu salah satunya dengan meningkatkan kempampuan soft skills nya."
"Sangat membantu dan mempermudah pekerjaan"
"Sebagai perubahan luar biasa yang mengubah pola hidup masyarakat"
"Sangat bagus dengan adanya society 5.0 karena kemajuan teknologi sehingga segala pekerjaan diharapkan lebih efisien dan efektif. Akan tetapi pada era ini diharapkan adanya SDM yang mampu mengikuti kecanggihan sehingga tidak tergeser oleh teknologi yang semakin canggih. Di era ini manusia diharapkan mampu beradaptasi dengan berbagai tantangan dan permasalahan dengan berbagai inovasi teknologi yang semakin canggih."
"Sangat menantang diiringi peningkatan skill di bidang IT. Kebutuhan pekerjaan juga akan bergeser dari yg konvesional jadi serba digital, ini menjadi sebab munculnya pekerjaan baru yg paling banyak demandnya seperti digital marketing, data engineering, data analyst, business analyst, etc. Hal ini bisa menguntungkan pun mengancam "
"s ada keuntungan dan kerugian "
"Suatu konsep masyarakat yang berpusat pada manusia cenderung berbasis pada teknologi. "
"Era 5.0 era perkembangan teknologi yang sangat luar biasa. Adanya teknologi mampu mendukung dan mempermudah suatu pekerjaan dengan dukungan teknologi akan pekerjaan akan lebih maksimal. "
"disisi yang melek teknologi itu sangat menguntungkan meskipun ada sisi negatif yang dikhawatirkan"
"Memudahkan pekerjaan akuntan"
"Kondisi ini merupakan tantangan bagi kita semua. Banyak kajian dan pembahasan yang diperlukan untuk mengetahui dampak maupun pro dan kontra dari era ini. "
"Ya sangat akan membantu sebuah perusahaan dalam mengejar target quantitynya."
"Bagus yah, karena dengan adanya konsep society 5.0 ini dapat menjadi solusi masyarakat, membantu dan mempermudah dalam menyelesaikan suatu masalah"
"Baik, Semakin berkembangnya jaman, teknologi juga harus semakin maju untuk mempermudah kegiatan manusia sehari-sehari"
"Menurut saya dengan munculnya big data, memang penyimpanan otak manusia kemungkinan sudah tidak bisa maksimal lagi ,tapi seperti adanya google kita bisa mencari dengan begitu cepat ,sehingga di era ini memang semakin memudahkan kinerja kita"
"Menarik, menjadi sebuah tantangan bagi manusia"
"Society 5.O sangat baik untuk perkembangan ekonomi dunia kedepannya karena akan memudahkan pekerjaan manusia dengan perkembangan teknologi yang semakin canggih. Namun hal ini harus diimbangi dengan SDM yang baik dan mau terus belajar."
"Menurut pendapat saya tentang adanya society 5.0 sangat relate dengan kehidupan manusia saat ini. Dengan adanya society 5.0 dapat mempermudah kehidupan manusia dari berbagai lini, semua di dominasi oleh teknologi."
"Semua yg kita perlukan terasa lebih mudah di jangkau Asalkan ada kemauan"
"Menurut saya dengan adanya society 5.0 dapat memudahkan kebutuhan manusia dengan penggunaan ilmu pengetahuan dan teknologi modern seperti AI dan robot untuk memenuhi kebutuhan manusia."
"Menurut saya, hal ini merupakan suatu hal yang bagus. Dikarenakan dengan adanya society 5.0 ini teknologi yang ada juga semakin berkembang secara pesat dan segala hal yang ada bisa jadi semakin mudah."
"Menurut saya sendiri mengenai society 5.0 ini sangat membantu kehidupan manusia. Dengan berkembangnya society 5.0 ini menuntut manusia untuk mengikuti perkembangan tersebut."
"Menurut saya, era society 5.0 akan membuat pekerjaan manusia menjadi lebih mudah dengan bantuan teknologi yang semakin canggih "
"Luar biasa, perkembangan teknologi yang semakin kuat biasa akan meningkatkan efektivitas dan efisiensi dalam segala hal."
"society 5.0 memiliki kelebihan dan kekurangan kita sebagai mahasiswa akuntansi tentu harus tetap sejalan dengan sistem yang berkembang saat ini."
"sebuah era yang dapat membantu meningkatkan era digitalisasi "
"akan menjadi sebuah era yang dapat membantu meningkatkan digitalisasi dalam segala aspek kehidupan manusia "
"Pendapat saya mengenai Society 5.0 merupakan era yg membuat dunia menjadi semakin maju di bidang teknologi"
"Dengan munculnya big data, robotic, dan AI tentu hal ini membawa manfaat besar dalam kehidupan manusia. Hal-hal yang sebelumnya harus dilakukan secara manual atau setidaknya memerlukan manusia sebagai operator telah dapat dilakukan oleh mesin sehingga secara otomatis. Dengan demikian, manusia dapat berfokus kepada hal-hal lain yang dapat meningkatkan kualitas hidupnya."
"Merupakan suatu bukti dari kemajuan IPTEK saat ini"
"Di satu sisi akan membantu kita untuk mempermudah pekerjaan serta penghematan biaya karena dapat mengurangi biaya tenaga kerja."
"Dengan adanya society 5.0 dapat mempermudah pekerjaan manusia dan lebih efisien"
"dapat mempermudah pekerjaan manusia"
"Sangat memudahkan dan membantu pekerjaan disemua bidang terkhusus diakuntansi."
"sangat memudahkan pekerjaan tapi ada kemungkinan menyebabkan pengangguran"
"Menurut saya dengan memasuki era society 5.0 maka peran teknologi aman menjadi sangat besar dalam kehidupan sehari-hari. Dampak positif dan negatif juga dapat dirasakan. Dampak positif seperti kemudahan akses dan dan lainnya. Sementara itu dampak negatif berupa adanya ancaman disrupsi dalam berbagai bidang."
"akan berdampak yang cukup besar terhadap dunia kerja "
"Dengan adanya kemunculan tersebut dapat membantu mahasiswa dalam meresearch informasi yang dibutuhkan dengan waktu yang singkat, namun memberikan dampak negatif berupa sifat malas pada mahasiswa untuk mencari informasi yang d butuhkan pada sumber2 yang lebih terpercaya"
"Lebih dapat memanfaatkan teknologi-teknologi yang ada dalam penerapan kehidupan sehari-hari sehingga tetap dapat mengikuti perkembangan teknologi tersebut dan tenaga dari manusia tetap bisa digunakan di masa mendatang."
"Dalam satu sisi, dengan adanya big data, robotic, dan kecerdasan buatan akan memberikan kemudahan dalam melakukan aktivitas dan mempersingkat waktu pengerjaan suatu kegiatan. Namun di sisi lain dapat memunculkan sifat malas karena lebih banyak software yang menyediakan kemudahan. Selain itu, akan mulai terjadi pergeseran kebutuhan SDM pada suatu pekerjaan yang mana digantikan oleh teknologi. Pergeseran dimaksudkan bukan menggantikan, namun sebagian akan lebih menggunakan teknologi."
"semakin hari semakin canggih, semua sudah memakai teknologi jadi menurut saya merupakan suatu inovasi yang baik untuk kedepannya"
"Kemunculan Society 5.0 merupakan penumuan evolusioner umat manusia. Ini merupakan bagian dari tahap perkembangan  umat manusia. Dengan daya cipta dan inovasi yang dimiliki oleh manusia, perubahaan apapun dapat diciptalan."
"Pendapat saya tentang society 5.0, dapat mempermudah pekerjaan manusia tetapi di satu sisi membawa tantangan tersendiri bagi manusia misalnya dalam pekerjaan. "
"Society 5.0 menurut saya akan lebih baik dari revolusi industri 4.0. Meski sama-sama memanfaatkan teknologi tetapi manusia juga berperan dalam era society 5.0. Jadi manusia yang mengendalikan tekonologi atau benar-benar dimanfaatkan untuk kehidupan sehari-hari, tidak hanya menggunakan tekonologi, big data, dan kecerdasan buatan tanpa mengetahui esensinya atau tidak dimanfaatkan dengan baik, malah bisa saja kemajuan teknologi tersebut yang akan mengendalikan manusia."
"Menurut saya, hal ini menjadi suatu perkembangan yang patut kita pahami dengan baik, apalagi yang bersinggungan dengan profesi akuntansi. Karena kemunculan segala hal pada society 5.0 memiliki dampak positif dan dampak negatif apabila dilihat dari berbagai perspektif"
"konsep yang memungkinkan umat manusia menggunakan ilmu pengetahuan berbasis teknologi modern seperti AI dan robot untuk memenuhi kebutuhan dan mempermudah kehidupan manusia"
"Menurut saya, society 5.0 merupakan sebuah konsep bahwa kehidupan seluruh manusia dapat dipermudah dengan adanya teknologi. Dan teknologi tersebut merupakan bagian dari manusia itu sendiri.

Adanya society 5.0 menurut saya sangat penting, karena dapat meningkatkan efisiensi dan produktivitas dalam menunjang kehidupan sehari-hari maupun dalam seluruh sektor."
"Bagus tapi ada plus minusnya"
"Setiap pekerjaan memanglah dapat menyerap SDM yang dibutuhkan namun dalam penggunaan kecerdasan buatan sangatlah berguna dalam mempercepat pekerjaan tersebut namun dilain sisi manusia masih diperlukan dalam pengendalian setiap alat kecerdasan Yayan yang ada  "
"sangat efisien waktu banget si dan memudahkan kita juga buat cari penghasilan tambahan dari berbagai platform di internet. Entah jadi copywriter, atau jadi influencer, atau pekerjaan pekerjaan tambahan di internet yang oke banget buat nambah penghasilan. Sangat dimudahkan banget, ngga kayak dulu kalo mau dapet uang harus jadi PNS atau jadi pegawai kantoran. Sekarang yang penting punya soft skill dan hard skill, anak SMA pun bisa menghasilkan berjuta juta rupiah dari internet"
"Society 5.0 menekankan pada kehidupan yang terintegrasi, mudah dan cepat. Sebagai contoh penggunaan robot yang dapat membantu restoran, membersihkan rumah dan lain-lain dapat dikendalikan dengan komputer dan internet. Society 5.0 membuat kehidupan manusia menjadi praktis dan otomatis."
"Kemunculan society 5.0 Perkembangan ini  dapat meminimalisir kesenjangan sosial dan masalah ekonomi. perkembangan teknologi dalam Society 5.0 mendorong manusia untuk juga berkembang. Hal tersebut berpengaruh pada meningkatnya kualitas diri manusia."
"tidak begitu heran, karena pada dasarnya society 5.0 akan banyak melahirkan teknologi-teknologi yang mutakhir, namun dengan munculnya teknologi dan AI semakin banyak tanda tanya."
"Society 5.0 merupakan sebuah kemajuan peradaban yang tidak bisa dihindari karena perkembangan zaman.
Baik buruknya era ini sangat bergantung pada masyarakat selaku pengguna teknologi tersebut"
"Society 5.0 yang merupakan era munculnya big data, robotic dan kecerdasan buatan menekankan integrasi antara teknologi, manusia, dan lingkungan untuk menciptakan kehidupan yang lebih baik. Teknologi memberikan dampak positif dalam berbagai bidang karena dapat meningkatkan efektivitas dan efisiensi biaya, waktu, dan tenaga. Zaman sekarang ini di mana teknologi yang diciptakan semakin canggih, dan berbagai inovasi baru seperti robot dan AI semakin digencarkan oleh para tokoh berpengaruh di dunia internasional sehingga masyarakat pun ikut bergeser untuk menggunakan teknologi-teknologi tersebut, seperti dalam bidang transportasi, keuangan, komunikasi, pendidikan dan lainnya.   "
"Seru cukup membantu"
"Kemunculan big data, robotic, dan kecerdasan buatan dapat membantu kerja manusia sehingga target-target yang telah ditentukan dapat lebih mungkin untuk dicapai. Namun juga ditakutkan kemunculan seciety 5.0 dapat mengambil pekerjaan manusia"
"hal ini menurut saya merupakan kemajuan teknologi yang harus dikembangkan"
"Di society 5.0 ini manusia jadi komponen utamanya, mampu menciptakan nilai baru melalui perkembangan teknologi yang mungkin bisa meminimalisir adanya kesenjangan pada manusia dan masalah ekonomi di kemudian hari."
"Dengan adanya tersebut dapat memudahkan kebutuhan manusia dengan penggunaan ilmu pengetahuan berbasis teknologi modern. "
"bagus dan cukup membantu"
"Menurut saya itu hal yang bagus dengan perkembangan berjalannya waktu, tapi kemungkinan terburuknya bisa jadi semua manusia tidak dibutuhkan"
"Menurut saya society 5.0 adalah era adanya penerapan teknologi tinggi dengan tujuan efisiensi dan produktivitas dalam berbagai sektor, serta mengurangi dampak negatif terhadap lingkungan dan membantu mencapai tujuan pembangunan berkelanjutan"
"Menurut saya justru memudahkan kebutuhan manusia dengan kemudahan dalam penggunaan ilmu pengetahuan berbasis teknologi modern "
"Sangat berpengaruh dengan kehidupan sehari hari apalagi didunia yg sedang mempekerjakan kebanyakan dari mesin"" canggih. "
"menurut saya tentang society 5.0 yang merupakan era munculnya big data, robotic dan kecerdasan buatan tersebut bisa dikatakan bahwa teknologi semakin maju tentunya dapat mendorong manusia untuk ikut berkembang "
"Ada dampak negatif dan positif. Dampak positif meringankan pekerjaan dan dampak negatifnya profesi akan terancam."
"Dengan adanya teknologi bisa memudahkan seluruh pekerjaan, menjadi lebih efektif, efisien dan terpercaya. Kemungkinan kesalahan juga bisa semakin kecil."
"Socienty 5.0 menerapkan kehidupan masyarakat yang berbasis teknologi tinggi. Hal tersebut diharapkan akan membantu kegiatan manusia diera sekarang"
"Perkembangan tegnologi memang membantu dalam mempermudah pekerjaan namun tentu perlu dibarengi dengan sdm nya yang mumpuni pula"
"Society 5.0 ini memiliki dampak seperti pedang bermata 2. Disisi positif, banyak orang yang terbantu oleh robot serta kecerdasan buatan. Misalnya, banyak pabrik yang mulai menggantikan tenaga manusia menggunakan tenaga mesin. Hal ini membuat cost operasional perusahaan tersebut menurun. Untuk kecerdasan buatan, juga banyak pertanyaan-pertanyaan spesifik yang tidak umum kini dapat terjawab menggunakan AI. AI juga dapat membantu menyelesaikan masalah di dunia nyata, seperti memberi nasehat, sebagai inspirasi, atau bahkan hanya sebagai teman bicara saja.

Sisi negatifnya, sebagai contoh, ketika perusahaan mulai menggunakan teknologi robot, akan banyak orang yang akan kehilangan pekerjaannya. Hal ini membuat banyak orang menjadi pengangguran, memperparah wealth gap yang ada. AI pun tidak luput dari hal seperti ini. Banyak orang mulai menggunakna AI untuk mengerjakan tugas mereka, membuat banyak orang menjadi malas untuk berpikir. Banyak sektor lain yang juga terdampak. Para seniman digital mulai kalah dengan banyaknya lukisan yang di generate AI, dengan menjiplak style dan gaya gambar unik masing masing seniman tersebut."
"Sejauh ini dengan banyaknya era baru, seperti AI sekarang yang ramai diperbancangkan, hal2 seperti itu sangat membantu pekerjaan manusia. Lebih cepat, efisien. Tapi juga ada kekhawatiran tersendiri tentang bagaimana nantinya era baru akan menggantikan tenaga kerja manusia. Terlebih lagi jika kecerdasan buatan akan disalahgunakan fungsinya untuk hal2 yang hanya menyongsong kepentingan pribadi. "
"dunia benar-benar berkembang dengan pesat dan luar biasa"
"Menurut saya, Hmm, cukup bagus karena adanya Kecerdasan buatan yang dapat membantu menyelesaikan sebuah pekerjaan, tapi disisi lain ada dampak negatif nya lapangan pekerjaan jadi berkurang. "
"society is group of people with different culture, religious and beliefs but stay together in same community.  and society with artificial intelligent is society with advanced in technology."
"Pada era tersebut hampir seseluruh tenaga kerja ndustri di dunia akan terganti karena makin canggihnya teknologi yang ada"
"society 5.0 muncul dengan tujuan memudahkan pekerjaan atau aktivitas yang dilakukan oleh manusia agar lebih cepat dan efisien dengan memanfaatkan teknologi."
"Menurut saya dengan adanya AI ini akan lebih memudahkan aktifitas manusia"
"Pendapat saya, ya bagus, karena memang harus ada perkembangan/perubahan di kehidupan ini, tapi alangkah baiknya, kita harus selektif terhadap perubahan yg terjadi"
"menurut saya society 5.0 akan berdampak besar terhadap kemajuan sebab society 5.0 bisa dibilang konsep yang memungkinkan umat manusia menggunakan ilmu pengetahuan berbasis teknologi modern seperti AI dan robot untuk memenuhi kebutuhan dan mempermudah kehidupan manusia."
"Pastinya akan semakin terbantu dengan adanya AI, tapi juga menghawatirkan ketika AI ini akan mudah disalahgunakan oleh pihak pihak yang tidak bertanggung jawab"
"menurut saya hal ini merupakan dampak keberhasilan pemikiran manusia demi kemudahan untuk menjalani kehidupan, jadi adanya society 5.0 juga tidak buruk"
"Adanya AI dapat membantu manusia dalam melakukan suatu pekerjaan"
"cukup baik dan memudahkan namun kemunculan tersebut bisa melemahkan tenaga kerja manusia karena tergantikan oleh robot "
"era society 5.0 yang memunculkan inovasi-inovasi tentu dapat mempermudah pekerjaan manusia dalam kesehariannya, bahkan dalam pekerjaannya. perlu adanya upaya penyesuaian oleh manusia untuk mengimbangi serta mengerti sepenuhnya tentang era society 5.0 ini. "
"Pendapat saya tentang munculnya society 5.0, pekerjaan sekarang bisa sangat mudah dilakukan karena akan ada bantuan dari robotic dan semacamnya"
"konsep yang memungkinkan umat manusia menggunakan ilmu pengetahuan berbasis teknologi modern seperti AI dan robot untuk memenuhi kebutuhan dan mempermudah kehidupan manusia"
"menurut pendapat saya di era society 5.0 dengan munculnya kecerdasan buatan, robotic dll memberikan dampak yang sangat besar terhadap segala aspek kehidupan. dampak yang diberikan sangat bermanfaat bagi banyak orang namun tak jarang juga dapat memberikan dampak negatif. tergantung dari pemanfaatan teknologi teesebut. apalagi kalau suatu saat dapat menggantikan profesi manusia."
"saya tidak terlalu tau apa itu robotic"
"sangat bagus"
"Menurut saya teknologi ini sangat baik dan bisa diikuti oleh generasi milenial"
"Menurut saya sangat keren pastinya dengan zaman sekarang tetapi tidak semua orang juga bisa mengikuti perkembangan tersebut"
"Society 5.0 sebagai peluang besar untuk membantu memudahkan dalam mengambil keputusan yang lebih baik dan meningkatkan efisiensi produksi."
"Era society 5.0 merupakan era munculnya kecerdasan buatan, robotic, dan data besar. Manusia memanfaatkan teknologi  membuat hal tersebut untuk mempermudah pekerjaan manusia dan hal tersebut pastinya memiliki dampak negatif dan positif."
"Sekarang AI sangatlah merajalela, takutnya banyak pekerjaan manusia yang tergantikan "
"Menurut saya hal tersebut baik namun di setiap adanya teknologi baru pasti memiliki kekurangan"
"Sangat membantu mempermudah dalam mengerjakan sebuah tugas, namun juga menjerumuskan karena manusia jadi malas belajarm"
"Luar biasa, efeknya mempermudah kita hidup"
"Hal ini dapat menjadi suatu solusi untuk mengatasi keterancaman lingkungan kita. Karena konsep Society 5.0 mempercayai bahwa kinerja suatu perusahaan atau rumah produksi tidak hanya berpatokan pada ukuran keuangan saja, melainkan juga sejahteraan dari masyarakat serta pekerjanya. "
"Saya melihat potensi besar dari konsep Society 5.0, terutama dalam hal memecahkan masalah kompleks dan mendesak yang dihadapi oleh masyarakat saat ini. Dengan memanfaatkan big data, robotik, dan kecerdasan buatan, kita dapat mengembangkan solusi cerdas untuk mengoptimalkan penggunaan sumber daya dan mengurangi dampak lingkungan. Selain itu, teknologi ini juga dapat digunakan untuk meningkatkan akses dan kualitas pendidikan, kesehatan, dan layanan publik lainnya."
"menurut saya society 5.0 ini akan mempengaruhi beberapa bidang profesi dimana mungkin beberapa orang akan memanfaatknnya karena menganggap akan lebih praktis dan efisien jika menggunakan teknologi robotic atau lainnya. "
"Menurut saya era ini sangat membantu untuk memudahkan manusia dalam menjalani kehidupan sehari hari "
"Society 5.0 dengan munculnya big data, robotic dan kecerdasan buatan sangat bermanfaat bagi pemenuhan kebutuhan dan mempermudah kehidupan manusia. Dimana pada saat ini tentunya perubahan teknologi tentunya sangat berpengaruh dan sangat dibutuhkan dalam segala aspek."
"Menurut saya society 5.0 dapat memberikan banyak manfaat jika dikelola dengan baik. Big data, misalnya, dapat digunakan untuk membuat keputusan yang lebih tepat dan efisien dalam berbagai aspek kehidupan, seperti kesehatan, transportasi, dan manajemen sumber daya alam"
"Era ini sangat keren, menurut saya perkembangan dunia benar benar hebat"
"Society 5.0 adalah sebuah konsep yang berpusat pada manusia yang berbasis pada teknologi, dimana konsep ini dikembangkan oleh Jepang untuk menjelaskan visi masa depan masyarakat yang digerakkan oleh teknologi tinggi."
"Menurut saya society 5.0 merupakan peluang besar bagi kita untuk belajar lebih jauh lagi untuk memanfaatkan berbagai perkembangan yang kian maju. Namun hal ini juga menjadi tantangan dan ancaman bagi kami selaku calon akuntan yang mana bisa saja di masa depan profesi kita dapat digantikan oleh robot."
"menurut saya society 5.0 ini termasuk konsep teknologi yang menarik dan bermanfaat tetapi tetap menggunakan dengan bijak, dan menjadi pembantu dalam ilmu pengetahuan bukan untuk pegangan"
"era society 5.0 ini merupakan era semakin canggihnya dunia dalam semua hal. semakin lama beberapa hal di dunia ini akan tergantikan oleh teknologi seperti big data, robotic, kecerdasan buatan"
"Kalau dari saya sendiri hal tersebut banyak sekali memiliki manfaat dan sangat membantu untuk perkembangan jaman memudahkan manusia dalam melakukan sesuatu dan ada tantangan tersendiri dimana SDM manusia dibeberapa profesi mulai tidak dibutuhkan pada halnya teknologi tersebut seperti pedang bermata 2"
"Society 5.0 adalah hal yang bagus bila kita dapat menyesuaikan diri dan upgrade diri"
"munculnya big data, robotic dan kecerdasan buatan saat ini banyak membantu masyarakat, mahasiswa, maupun pelajar di berbagai bidang. Hal tersebut dapat membantu meringankan berbagai pekerjaan maupun kegiatan di kehidupan sehari hari"
"munculnya society 5.0 menurut saya cukup bagus dalam membantu manusia dalam teknologi. Namun pengembangan society 5.0 juga harus ada dibarengi dengan kesadaran bahwa kita hanya membutuhkan teknologi yang dapat membantu pekerjaan kita bukan yang menggantikan kita. "
"menurut pendapat saya sengan society5.0 memudahkan kebutuhan manusia dengan penggunaan ilmu pengetahuan berbasis teknologi modern"
"Society 5.0 adalah sebuah konsep yang berpusat pada manusia yang berbasis pada teknologi, dimana konsep ini dikembangkan oleh Jepang untuk menjelaskan visi masa depan masyarakat yang digerakkan oleh teknologi tinggi."
"Adanya society 5.0 berdampak negativ dan juga bisa berdampak positif dalam kehidupan ini salah satu dampak yg paling besar adalah berkurangnya peran seorang manusia di dalamnya, tetapi juga berdampak positif karena dengan kemudahan yang terjadi maka pekerjaan akan lebih cepat dan efisien."
"konsep yang memungkinkan umat manusia menggunakan ilmu pengetahuan berbasis teknologi modern seperti AI dan robot untuk memenuhi kebutuhan dan mempermudah kehidupan manusia."
"ada bagusnya dan tidak bagusnya
bagusnya untuk Lebih efisien mengurangi resiko dan lain lain
namun tidak bagusnya karena mengurangi lapangan kerja."
"Saya melihat society 5.0 merupakan potensi yabg sangat besar dalam penggunaan teknologi untuk memecahkan masalah sosial serta untuk perihal meningkatkan kualitas hidup manusia. Di era ini, informasi dapat diambil dari berbagai sumber dan dianalisis untuk menghasilkan wawasan baru tentang bagaimana masalah sosial tersebut dapat diatasi. "
"Terjadi perkembangan teknologi yang pesat yang membantu pekerjaan manusia"
"Menurut saya sangat membantu karena lebih memudahkan, tetapi memiliki kerugian juga bagi kita yang masih menggunakan cara konvensional."
"Iya menurut saya sangat membantu "
"Menurut saya itu baik tetapi juga akan berdampak pada bidang profesi yang bisa digeser "
"Menurut saya hal ini cukup baik dalam membantu manusia dalam berbagai hal mempermudah dan mengefisienkan waktu"
"Menurut saya kemunculan tentang society 5.0 itu keuntungannya sangat membantu pekerjaan manusia bisa jadi lebih cepet.. kerugiannya pekerjaan manusia bisa tergantikan oleh adanya robotic yang mengambil alih pekerjaan manusia."
"Menurut saya membantu tapi robotic tidak dapat melakukan sebagian hal yg dilakukan manusia"
"Menurut saya, society 5.0 yang menandakan meningkatnya era teknologi yang makin terbarukan bagus dengan munculnya robot dan sebagainya itu bagus tetapi dengan munculnya robot ini juga dapat menjadi masalah baru yang mana akan semakin sedikit lapangan pekerjaan yang tersedia bagi manusia."
"Bagus adanya society 5.0 tp apakah bisa di mengerti oleh para ortu yang minim pembelajaran yang kesulitan beradaptasi dengan society 5.0"
"menurut pendapat saya, munculnya hal tersebut banyak memberikan dampak positif, namun ada juga dampak negatif yang dimunculkan "
"Ada sisi positif dan negatifnya. Mungkin sisi positifnya bisa memudahkan melakukan berbagai hal dan sisi negatifnya SDM tersaingi atau tidak dibutuhkan lagi."
"Society 5.0 membawa beberapa risiko dan tantangan. Perkembangan teknologi yang cepat dapat menimbulkan ketidakseimbangan dalam masyarakat."
"Menurut saya munculnya big data, robotic dan kecerdasan buatan itu secara positif sangat menguntungkan, apalagi bagi pengusaha bisa mengurangi biaya proses produksi. Namun sisi negatifnya sangatlah besar bagi SDM. Dimana tenaga kerja manusia sudah tidak akan dibutuhkan lagi dan akibatnya pengangguran bertambah."
"Tidak karena semua orang akan tergantung pada itu "
"Dengan munculnya hal tersebut hal yang di kerjakan menjadi lebih mudah, tetapi dengan itu lapangan pekerjaan menjadi sedikit"
"Menurut saya semua ada baik dan buruknya, tetapi saya juga hanya pengguna, menggunakan seperlunya saja dan jangan berlebihan "
"Beberapa Bidang pekerjaan akan banyak terancam tidak diperlukan lagi"
"adanya konsep society 5.0 berdampak baik terhadap kehidupan manusia, karena konsep ini bertujuan untuk memudahkan kebutuhan manusia dengan adanya AI sebagai komponen utamanya"
"Society 5.0 adalah pemanfaatan teknologi modern, namun masih mengandalkan manusia sebagai komponen utamanya. Dengan manusia sebagai komponen utamanya, konsep ini akan menciptakan suatu perkembangan teknologi yang mampu meminimalisir kesenjangan pada manusia. Konsep ini merupakan penyempurnaan dari berbagai konsep yang ada sebelumnya. Society 5.0 hadir dengan mengusung konsep bahwa semua teknologi adalah bagian dari manusia itu sendiri. Artinya, internet tidak hanya berguna untuk berbagi informasi dan menganalisis data, melainkan juga untuk menjalani kehidupan. Dengan demikian, akan tercipta keseimbangan antara peran manusia (masyarakat) dan pemanfaatan teknologi.
"
"Itu bagus,karena sangat membantu kegiatan manusia"
"Menurut saya dengan adanya perkembangan society 5.0 merupakan suatu kemajuan yang bisa dilihat, namun kemajuan apapun yang ada seperti munculnya big data dsb itu tidak menutup kemungkinan untuk tetap membutuhkan manusia dalam cara kerjanya"
"Iya"
"Menurut saya, ini akan memudahkan dalam pekerjaan tetapi akan mengurangi lapangan pekerjaan bagi seorang akuntan. "
"Menurut saya dengan adanya kecerdasan buatan sangat membantu pekerjaan dan menghemat waktu"
"Sebenarnya bagus tapi menurut saya ini akan menyebabkan kemalasan bagi para mahasiswa untuk belajar "
"Menurut saya sangat bagus dan penting bagi era globalisasi zaman sekarang "
"Hal tersebut wajar terjadi karena mengikuti perkembangan teknologi yang semakin pesat "
"Menurut saya wajar di era teknologi yang semakin maju ini "
"Sangat membantu"
"Menurut saya perkembangan teknologi sekarang ini sangat bagus untuk kita anak Akuntan"
"Sedikit membantu"
"Menurut saya hal tersebut sangat wajar,  karena di era sekarang pasti banyak perkembangan teknologi yang pesat.  tetatpi dengan adanya hal itu membuat saya atau kita semua yang berada di jurusan akuntansi harus lebih serius dalam mempelajari alat"" yang lebih canggih. "
"Menurut saya society 5.0 ini sangat membantu kita dalam melakukan pekerjaan yang tidak bisa kita ketahui "
"Menurut saya sangat bagus dan  sangat membantu banyak masyarakat diera sekarang ini."
"Menurut saya adanya berbasis tentang society 5.0 ini sangat mempermudah para akuntan untuk mengatur keuangannya, namun untuk pengganti sumber daya manusia. Mungkin saya kurang setuju pasalnya banyak sekali hal-hal tertentu yang tidak dapat tergantikan oleh mesin atau robot kecerdasan pengganti. "
"Menurut saya akan berdampak negatif maupun positif yaitu dapat mengancam pekerjaan berkait dengan accounting namun dampak positifnya bisa membuat kita mau untuk belajar hal baru lagi dan mempelajari hal baru lagi"
"Era ini didorong oleh kemajuan dalam big data, robotic, dan kecerdasan buatan yang memungkinkan manusia untuk menciptakan solusi inovatif untuk tantangan sosial dan lingkungan."
"konsep yang memungkinkan umat manusia menggunakan ilmu pengetahuan berbasis teknologi modern seperti AI dan robot untuk memenuhi kebutuhan dan mempermudah kehidupan manusia.
dapat meningkatkan peran manusia serta memaksimalkan sumber daya manusia, sehingga dapat mengatasi ataupun mengantisipasi tren global yang telah muncul pada revolusi industri 4.0. "
"Menurut saya munculnya era big data, robotic dan kecerdasan buatan memiliki banyak dampak pada masyarakat itu sendiri karena era modern yang sekarang. "
"menurut saya itu menarik "
"Menurut saya, hal ini memiliki pro kontra tersendiri. Dimana, tentunya dengan semakin banyak nya teknologi. Fungsi manusia juga akan terganti kn, namun pekerjaan juga akan semakin lebih efisien dan cermat. "
"Menurut saya, jika di kemudian hari kalau memang munculnya society lebih bagus karena saya sebagai mahasiswa akuntansi Akan burusaha untuk belajar terkait teknologi "
"Menurut saya dengan munculnya big data, robotic dan kecerdasan buatan sangat membantu dan memudahkan untuk masa yang akan datang."
"Menurut saya dengan kemunculan big data robotic dan kecerdasan buatan ini wajar karena mengikuti perkembangan zaman "
"Menurut saya itu sangat setuju"
"sangat wajar karena teknologi sudah maju pada era sekarang"
"Menurut saya,sebuah konsep yang berpusat pada manusia dan berbasis teknologi"
"Menurut saya society 5.0 ini sangat membantu diera zaman sekarang, dengan perkembangan zaman yang begitu pesat berbagai teknologi yang bermunculan dan salah satunya society 5.0 ini dan juga sudah diakui secara global."
"dengan adanya society 5.0 dapat memenuhi kebutuhan dan mempermudah kehidupan manusia"
"Menurut saya sangat ngebantu profesi akuntan ke depannya untuk mengelola data dll."
"Dengan munculnya society 5.0 mana kehidupan manusia dipermudah dengan adanya teknologi, dan

Baca artikel detikbali, ""Society 5.0 dimana kehidupan manusia dipermudah ada teknologi ini "
"Pendapat saya wajar dikarenakan zaman begitu pun peradaban yang semakin maju dan kita tidak bisa menolak akan hal itu"
"Society 5.0 yang merupakan era munculnya big data, robotic, dan kecerdasan buatan sangat membantu meringankan pekerjaan manusia (memberikan manfaat positif). Dengan adanya berbagai aplikasi kecerdasan buatan, beberapa pekerjaan manusia akan cenderung terselesaikan secara cepat dan lebih efisien. akan tetapi, selain mendatangkan manfaat positif, kemunculan era ini jg akan sangat berpengaruh terhadap beberapa profesi yang akan tergantikan. "
"akan memengurangi kesulitan dalam memperkerjaan tugas atau yang lain dan dapat membantu mahasiswa untuk lebih mudal mengerjakan tugas tugas yang diberikan "
"Nantinya akan mulai tergeser posisi manusia"
"ada sisi bagus dan mengancam bagi profesi yang ada,sisi bagusnya ialah semuanya menjadi simple dengan menggunakan teknologi modern"
"dari sisi kerugian sangat mengancam profesi dari manusia itu sendiri dan dari sisi yang menguntungkan dapat mempercepat kinerja yang dilakukan"
"Menurut saya society 5.0 merupakan perkembangan Teknologi informasi yang tentunya dapat berpengaruh ke berbagai aspek. "
"Menurut saya tentang society 5.0 yang membuat banyak perubahan besar dengan munculnya keahlian robotic dan kecerdasan buatan ini  memiliki dampak positif dan negatif, dampak positifnya yaitu dengan mudahnya sistem yang dapat memudahkan manusia untuk melakukan sesuatu, namun dampak negatifnya dapat membuat manusia menjadi malas dan berdampak buruk dan membuat sumber daya manusia secara manual tidak dibutuhkan lagi"
"Artinya, internet tidak hanya berguna untuk berbagi informasi dan menganalisis data, melainkan juga untuk menjalani kehidupan.teknologi ini merupakan bagian dari manusia"
"Era society 5.0 merupakan keberlanjutan dari era society 4.0 atau era internet. Era society 5.0 identik dengan Artificial Intelegent yang lebih canggih dari sekedar Internet saja.
AI membawa dampak positif dan dampak negatif. Menurut saya AI jika tidak diimbangi dengan empati sosial akan menggantikan dan memusnahkan fungsi daripada manusia.
"
"Untuk society 5.0 jujur saja saya kurang paham"
"Bagus, karena dapat membantu pekerjaan manusia, namun bisa menjadi ancaman juga karena dapat mengganti pekerjaan manusia"
"Menurut saya itu adalah hal yang agak mengkhawatirkan bagi manusia, karena bisa adanya hal itu dapat mengurangi ketenagakerjaan bagi manusia"
"Bagus, manusia akan semakin terbantu dengan adanya teknologi yang mumpuni."
"Society 5.0 adalah konsep yang dikembangkan oleh pemerintah Jepang sebagai visi masyarakat masa depan. Ini menggambarkan era di mana teknologi informasi, big data, robotika, dan kecerdasan buatan (AI) berperan dalam memajukan masyarakat dan kehidupan manusia.

Pendekatan ini memiliki potensi yang menarik. Penggunaan big data dapat memberikan pemahaman yang lebih baik tentang kebutuhan dan preferensi masyarakat, sehingga memungkinkan pemerintah dan organisasi untuk mengambil keputusan yang lebih baik dan memberikan pelayanan yang lebih efektif. Misalnya, dengan mengumpulkan dan menganalisis data kesehatan, pemerintah dapat mengidentifikasi tren kesehatan dan mengarahkan sumber daya dengan lebih baik untuk mengatasi penyakit atau wabah.

Robotika dan kecerdasan buatan juga dapat berkontribusi dalam meningkatkan produktivitas dan efisiensi di berbagai sektor, seperti industri, transportasi, atau pelayanan kesehatan. Robot dan AI dapat melakukan tugas-tugas yang berulang dengan presisi dan kecepatan yang tinggi, memungkinkan manusia untuk fokus pada pekerjaan yang membutuhkan keahlian khusus atau interaksi manusia.

Namun, ada beberapa pertimbangan yang perlu diperhatikan dalam implementasi Society 5.0. Pertama, penting untuk memastikan bahwa teknologi ini diterapkan dengan bijaksana dan dalam kerangka regulasi yang tepat. Hal ini untuk menghindari dampak negatif, seperti kerugian pekerjaan manusia atau masalah privasi yang melibatkan penggunaan data yang meluas.

Selain itu, perlu diingat bahwa tidak semua orang memiliki akses atau kemampuan yang sama dalam mengadopsi dan memanfaatkan teknologi ini. Dalam mewujudkan Society 5.0, perhatian harus diberikan pada kesenjangan digital, agar tidak terjadi pemisahan sosial yang lebih jauh antara mereka yang mampu mengikuti perkembangan teknologi dan mereka yang tertinggal.

Secara keseluruhan, Society 5.0 menawarkan potensi untuk meningkatkan kehidupan manusia dan masyarakat secara keseluruhan melalui pemanfaatan big data, robotika, dan kecerdasan buatan. Namun, implementasinya harus dilakukan dengan hati-hati, mempertimbangkan aspek etika, regulasi, serta inklusi sosial untuk memastikan manfaat yang sebesar-besarnya bagi seluruh populasi."
"ada beberapa dampak positif dan negatif mengenai hal itu"
"Sebenarnya hal ini merupakan dampak negatif bagi mahasiswa karena mungkin saat ini banyak mahasiswa ataupun pelajar menyalahgunakan teknologi saat ini sehingga kurangnya pengetahuan ataupun dalam hal kecilnya seperti menjadi minimnya SDM yang suka atau tertarik dengan membaca"
"Menurut saya sangat bagus karena dapat memudahkan dalam penggunaan data agar lebih cepat di barengin dengan keefisiensinya dalam Pengolahan Big Data."
"Menurut saya cukup meresahkan untuk masa depan karena kebanyakan tenaga kerja manusia dapat tergantikan oleh robotik"
"Ai benar-benar membantu kegiatan manusia, namun disisi lain manusia juga harus belajar lagi dan menyesuaikan diri dengan kemajuan teknologi seperti pada industry 4.0"
"Menurut saya, hal itu sangat memudahkan, efektif dan instan."
"Jika adanya big data robotic dan kecerdasan buatan, memang kinerja manusia bisa saja kurang dibutuhkan, namun sebenernya yang membuat big data dsb itu kan manusia, jadi kita sekarang harus mengikuti trend dan benar benar harus mengerti IT agar tidak di singkirkan oleh zaman "
"Bagus, tingkat modernisasi terus berkembang. Kebutuhan manusia semakin mudah untuk dipenuhi melalui hasil dari teknologi. Disamping itu, efek negatif yang muncul dari modernisasi ini yaitu keharusan kita meningkatkan kemampuan agar tidak kalah saing dengan teknologi yang lahir dari pembuat teknologi "
"Makin mudahnya dalam melakukan pekerjaan"
"Dengan ada society 5.0 memiliki dampak baik dan dampak buruk.  Akan tetapi saya melihat di kehidupan sehari hari kita. Society 5.0  sangat banyak dampak buruk nya, kita khususkan saja sebagai mahasiswa dengan ada nya chatgpt membuat sebagian besar mahasiswa memanfaatkan dengan cara yang salah. Bahkan sampai ada yang membuat artikel dan makalah melalui Chatgpt. "
"untuk mempermudah dan memenuhi kebutuhan kehidupan sehari-hari manusia. "
"sangat membantu dan memudahkan pekerjaan "
"Saya memiliki argumen positif dan negatif mengenai hal tersebut, argumen positif saya adalah karena dapat lebih efisien dalam melakukan kegiatan atau pekerjaan yang dilakukan oleh manusia, argumen negatifnya adalah karena dengan adanya robotic dapat menurunkan lapangan pekerjaan manusia karena digantikan oleh robotic"
"dengan adanya society 5.0 mungkin dapat membantu manusia di beberapa pekerjaan yang memang agak susah jika dilakukan tanpa ada inovasi teknologi"
"era ini menyebabkan perubahan yang signifikan dalam segala sektor kehidupan manusia yang lebih menguntungkan dari segi efisiensi waktu dll"
"Menurut saya society 5.0 adalah era yang mana semua hal dapat di lakukan dengan mudah tanpa perlu banyak usaha dan semua hal yg berbau teknologi akan semakin luas penggunaannya dalam berbagai bidang kehidupan "
"Sangat membantu pekerjaan apalagi jaman saat ini manusia ingin yang praktis mudah dan cepat"
"Society 5.0 untuk meningkatkan efisiensi dan produktivitas dalam berbagai sektor, serta mengurangi dampak negatif terhadap lingkungan dan membantu mencapai tujuan pembangunan berkelanjutan."
"Untuk meningkatkan efisiensi dan produktivitas dalam berbagai sektor"
"Menurut saya, adanya teknologi 5.0 sangat membantu saya pribadi dalam menjalankan aktivitas, kegiatan perkuliahan saya cukup terbantu. "
"Iyaa"
"menurut saya tentang society 5.0 itu baik namun kurang efektif karena hanya menguntung bagi pihak yang pembuat saja dan menguntungkan kepada orang yang paham dengan masalah itu"
"Bagi saya cukup memberi kemudahan untuk kegiatan sehari-hari."
"menurut saya dengan kemajuan ini kemampuan manusia semakin berkurang dan sebaiknya diseimbangkan antara manusia dan juga alat"
"Akan banyak menggeserkan suatu aktivitas maupun profesi yang berhubungan dengan It"
"Menurut saya semua itu kembali pada pribadinya masing"" bagaimana cara beradaptasi dgn semua itu"
"Cukup membantu/memudahkan dalam penyelesaian tugas/pekerjaan"
"tidak dipungkiri bahwa teknologi sangat memudahkan segala sesuatu saat ini. pastinya banyak sekali kemudahan/keuntungan yang ada. namun pastinya juga ada efek negatif yang muncul terutama teknologj/robotic dapat menggantikan manusia."
" visi masa depan yang digambarkan oleh Jepang yang menitikberatkan pada penerapan teknologi tinggi seperti IoT dan AI untuk meningkatkan efisiensi dan produktivitas dalam berbagai sektor, serta mengurangi dampak negatif terhadap lingkungan dan membantu mencapai tujuan pembangunan berkelanjutan"
"Menurut saya, "
"Pendapat saya tentang society 5.0 akan mempengaruhi banyak hal yang akan terjadi dimasa yang akan datang "
"menurut saya, di era kini menjadi tantangan baru bagi orang yang bekerja di bidang ekonomi, karena mereka semua bisa tergantikan oleh kinerja otomatis nya robot, walaupun pengoperasiannya masih menggunakan tangan manusia, tapi tentu saja dengan adanya hal tersebut membuat peluang kerja lebih sempit"
"Pendapat saya tentang society 5.0 sebenarnya dapat memberikan dampak positif apabila digunakan dengan baik, seperti biasa mendapatkan informasi dengan mudah."
"Menurut saya hal tersebut sangatlah bagus dimana ada kemajuan dari segi teknologi yang mana hal tersebut menunjukkan bukti adanya perkembangan zaman yang pesat"
"Menurut pendapat saya hal ini membantu. Dengan berkembangnya teknologi maka akan mempermudah segala hal."
"menurut saya munculnya big data, robotic dan kecerdasan buatan itu sangat bagus karena itu membuktikan bahwa zaman semakin maju dan modern dan memudahkan kita dalam beberapa hal tetapi dampak negatifnya adalah ketika muncul nya society 5.0 banyak para pelajar salah memanfaatkan hal tersebut dan malah ketergantungan pada kecerdasan buatan sehingga mereka semakin malas untuk belajar. "
"Membantu dalam kehidupan sehari-hari, terutama dalam kegiatan kerja dimana tekonologi yang semakin canggih dapat mempercepat dan mempermudah para pekerja"
"Sangat menarik"
"Sangat membantu dalam kehidupan yang semakin modern dengan mempermudah dan melancarkan produktivitas dalam berbagai sektor publik."
"Secara keseluruhan jika digunakan dengan baik dan tepat pada fungsinya (tidak mendominasi manusia) maka akan sangat membantu manusia dalam kesehariannya."
"Kalau masih bermanfaat dan dalam batasan wajar tidak masalah"
"dapat membantu manusia dengan memudahkan pekerjaan "
"menurut saya dengan adanya hal tersebut bisa membuat kita menjadi lebih malas"
"akan membawa dampak positif memudahkan pekerjaan manusia namun juga akan merugikan dibeberapa bidang pekerjaan"
"munculnya hal tersebut cukup membantu kami melakukan penyelesaian terhadap tugas-tugas"
"Bagus. Meringankan kerjaan "
"dengan adanya era ini dapat memajukan tekonologi yang sudah ada. selain itu, dengan adanya era ini juga dapat membantu kemudahan dalam menjalankan suatu pekerjaan
"
"society 5.0 sangat membantu manusia dalam kehidupan. Seperti kita tidak perlu membaca buku fisik jika ingin mencari jawaban dari isi kepala kita, tapi kita bisa memakai buku digital yang disediakan oleh jasa pencarian internet."
"Cukup khawatir, karena dalam era tersebut data pribadi akan rentan terpublikasi dan banyaknya pekerjaan profesi yang akan berkurang serta tergantikan pada big data, robotic, dan kecerdasan buatan"
"Munculnya society 5.0 akan memberikan dampak positif dan negatif pada masyarakat"
"Jasi Konsep Society 5.0 bisa mengatasi tantangan yang dihadapi oleh masyarakat modern, apalagi bagi kita senua selaku mahasiswa. apalagi dgn konsep ini menggabungkan teknologi yang ada, seperti big data, robotika, dan kecerdasan buatan, Society 5.0  menjadi harapan untuk lebih efisein dan maju kedepannya. "
"sangat menantikan hal tersebut, manusia jadi lebih terbantu oleh hal tersebut"
"menurut saya bagus dan bermanfaat, karena dengan big data, robotic, dan kecerdasan buatan, semua pekerjaan bisa dilakukan dengan mudah, dan data"" yang dibutuhkan untuk mengambil keputusan itu lebih akurat karena data"" yang diperlukan tersaji lebih lengkap"
"Tentu hal ini dapat memudahkan kita dalam menjalankan kehidupan namun perlu dikaji lebih lanjut lagi mengenai dampak yg terjadi bila era ini terus menerus berkembang"
"Tentunya ada sisi positif dan sisi negatif yakni dapat membantu sebagian pekerjaan namun sisi negatifnya yakni semakin menurunnya literasi di kalangan 5.0 krna telah berpacu pada Ai, robotic, maupun kecerdasan buatan."
"Menurur saya dengan adanya era 5.0 tersebut pastinya ada sisi positif dan negatifnya. Sisi positifnya adalah segala yang kita ingin lakukan dipermudah. Sedangkan negatifnya adalah profesi atau pekerjaan akan mendapatkan ancaman akan hadirnya 5.0 ini"
"menurut saya munculnya teknologi tersebut sangat memudahkan seseorang dalam menyelesaikan pekerjaan, serta menjadi satu tantangan bagi manusia untuk bisa bersaing dgn teknologi tsb"
"Menurut saya hal ini sangat membantu manusia dalam menyelesaikan masalah dalam semua bidang kehidupan, tapi juga bisa memberikan dampak negatif berupa banyaknya profesi yang tergantikan dengan AI"
"Menurut saya ini memudahkan kita untuk melakukan kegiatan yang mungkin butuh waktu yg lama, namun bisa dipangkas dengan adanya big data dll"
"Socety 5.0 ini menjadi sebuat keterbaruan teknologi yang semakin canggih sebagaimana outputnya berupa artifical intellegent yang baru baru ini menjadi isu menarik di bidang teknologi"
"Menurut saya ini merupakan suatu perkembangan teknologi yang baik karena jujur saya merasa terbantu dalam menjalankan kehidupan sehari-hari dan dipermudah "
"Menurut saya itu merupakan kemajuan yang bagus karena, zaman sudah modern yang tentunya pasti akan fokus ke depan untuk mengenai perkembangan + perkembangan yang jauh lebih bagus lagi. Karena tidak mungkin tiap tahun tanpa adanya perubahan. "
"Cukup bagus juga, tapi negative nya kita bakal tergantikan. jadi kek sia sia belajar akuntansi hehehe. tapi di sisi lain AI juga memiliki pengaruh yg besar terhadap kemajaun global"
"Dengan adanya kemanjuan teknologi society 5.0 dapat memudahkan manusia untuk menjalani kehidupan sehari-hari, terutama pada bidang kerja. Manusia bisa lebih simple menjalani pekerjaannya, tanpa harus mengeluarkan tenaga ektra."
"Society 5.0 merupakan era yang dapat mempengaruhi segala bidang mulai dari teknik sampai dengan pelayan yang nantinya akan berdampak bergesernya posisi - posisi tertentu."
"Menurut saya, era munculnya kecerdasan buatan oleh teknologi ini sudah bagus. Hal ini mempermudah kegiatan kehidupan sehari-hari oleh seluruh masyarakat, menggunakan teknologi terkini. "
"Munculnya bug data, robotic, dan kecerdasan buatan memberikan kemudahan dan juga menjadi ancaman jika kita tidak dapat mengikuti perkembangan yang ada"
"Sebenarnya kemunculan era big data, robitic, dab kecerdasan buatan merupakan kemajuan yang bagus di era modern ini, namun munculnya hal tersebut dapat mengancam beberapa profesi seperti akuntan di masa deoan yang berpotensi akan tergantikan oleh AI. "
"Sebagai sebuah kemajuan dalam dunia AI yang diharapkan dapat memaksimalkan aktivitas manusia saat ini tanpa menurunkan kredibilitas manusia itu sendiri"
"menurut pendapat saya, ini merupakan inovasi yg kreativitas yang digunakan untuk memudahkan pekerjaan manusia dalam memenuhi kebutuhan hidup sehari-hari."
"Society 5.0 mempermudah banyak hal seperti mempermudah transaksi, pembayaran, dapat meningkatkan ekonomi digital, dan banyak hal lainnya. "
"Menurut saya bagus-bagus saja selama itu mempermudah aktivitas manusia, namun di lain sisi juga tidak merugikan keberlangsungan profesi dengan tenaga kerja manusia"
"munculnya era big daya dan kecerdasan buatan sebenarnya dapat memudahkan segala aktivitas yang saya kerjakan, contohnya banyak kecerdasan buatan yang saya pakai untuk media pembelajaran akuntansi. "
"Menurut saya, Society 5.0 adalah konsep yang menarik yang melibatkan pemanfaatan teknologi seperti big data, robotika, dan kecerdasan buatan untuk memajukan masyarakat. Era ini bertujuan untuk menciptakan masyarakat yang berbasis pengetahuan, berkelanjutan, dan inklusif."
"munculnya big data, robotic dan kecerdasan buatan memang cukup membantu manusia dalam melakukan pekerjaan, namun dengan adanya kemunculan tersebut juga berdampak pada produktivitas manusia itu sendiri."
"Dengan munculnya big data, robotic dan kecerdasan buatan sebenarnya ada dampak positif dan negatifnya jadi kita harus benar-benar dapat mengelolah dengan baik agar kedepannya pekerjaan manusia yang ada saat ini tidak tergantikan dengan adanya teknologi terbaru"
"Menurut saya sudah cukup berkembang cukup jauh daripada era 4.0 "
"Serba cepat dan lebih modern"
"Seperti pisau bermata dua ya, bisa membuat kegiatan yang kita lakukan lebih cepat selesai dan lebih mudah serta disisi lain  bisa menghancurkan kita karena membunuh kreativitas kita"
"Lebih modern dan mempermudah dalam mencari data"
"Menusia harus lebih mendominasi daripada robot"
"Menurut saya cukup menantang karena kita sebagai manusia dituntut untuk serba bisa agar tidak kalah saing dengan hal hal tersebut."
"Bagus"
"Menurut saya adanya society 5.0 dengan munculnya era big data, robotic, dan kecerdasan buatan membuat masyrakat indonesia maupun masyarakat dunia resah, dikarenakan banyak bidang profesi yang akan terdampak dan tergantikan, khususnya saya merasa resah akan hal tersbut karena berfikir akan kedepannya terhadap saya."
"Baik, karena semakin hari kita harus semakin mengikuti perkembangan jaman "
"memudahkan pengguna dalam melakukan pekerjaan"
"menurut saya, pada era society 5.0 ini memiliki dampak positif maupun negatif. dampak positifnya memberikan semua sektor keefektifitasan dan keefisiensian dalam segala hal proses operasional, dan untuk negatifnya beberapa profesi akan tergantikan dengan teknologi yang ada."
"sos 5.0 merupakan era yang bisa dikatakan dapat mendukung akuntan namun juga dapat menghambat akuntan. dari sisi sdm dan pelaku lapangan pekerjaan jelas ini meresahkan dan akan mempersempit apply tamatan anak akuntansi"
"cukup membantu"
"Menurut saya era ini bagus dan overall positif, namun setelah saya pikir lagi jika memang dengan adanya era ini terutama robotic itu jd meminimalkan pekerjaan manusia sehingga tenaga kerjanya kurang, kenapa mayoritas orang menganggapnya baik. Karena saya menurut saya sendiri setelah dipikir lagi ya ini buruk gitu sih hehe, belibet moj maap😔🙏"
"Menurut saya sangat mengancam profesi dari akuntansi sendiri dimana era keterbaruan ini tentunya akan bergantung oleh robot dan aktivitas manusia akan tergantikan "
"Society 5.0 sangat membantu profesi akuntan karena dapat mempermudah pekerjaan dan menghemat waktu."
"Menurut saya tidak menjadi masalah, karena pada dasarnya robotic dan sejenisnya akan membantu manusia dalam menjalankan pekerjaan"
"Saya sendiri takut ya karena dengan tambahnya kecanggihan elektronik ini membuatbrobot, ai atau semacamnya itu mendominasi manusia"
"Di akuntansi kita di ajari big data juga. Jadi apabila ero 5.0 adalah era big data, maka justru itu jadi era kita"
"Era society 5.0 membuat banyak kegiatan semakin mudah dilakukan. Meskipun adanya kecanggihan ini juga dapat membuat berkurangnya profesi yang bisa dilakukan manusia, namun juga dapat membuat bertambahnya profesi"
"Menurut saya hal tersebut merupakan ancaman bagi kita sebagai manusia. Manusia akan kwhilangan pekerjaan ketika muncul berbagai teknologi diataa"
"Pendapat Saya tentang society 5.0 yakni era munculnya big data, robotic, dan kecerdasan buatan cukup membantu dalam kehidupan, tapi tidak menutup kemungkinan di masa depan seluruh pekerjaan yg dilakukan manusia akan tergantikan. Tapi tidak semuanya tergantikan, meskipun ada semua itu, semuanya masih butuh manusia yang akan menjalankan atau memikirkan untuk apa big data robotic dan kecerdasan buatan dilakukan. "
"menurut saya dengan adanya society 5.0 tersebut membantu memudahkan pekerjaan manusia, namun sebagai catatan disini teknologi hanya sebagai peringan kegiatan manusia bukan pengganti."
"munculnya hal tersebut akan memudahkan kita sebagai profesi akuntan, akan tetapi kita harus tetap menjaga intelejen kita agar tidak dikalahkan oleh sistem tersebut saat menggunakannya"
"Menurut saya ini bisa menjadi peluang untuk profesi akuntansi. Jadi profesi di bidang akuntansi bisa lebih luas lagi dengan memanfaatkan kemajuan big data dan AI"
"dapat memudahkan kita untuk mengumpulkan data"
"Menurut saya bagus karena lebih mempermudah manusia untuk memenuhi kebutuhan karena menggunakan ilmu pengetahuan berbasis teknologi"
"Menurut saya society 5.0 sudah mulai menjajaki langkah awal untuk sedikit menggerus peran manusia didalamnya"
"Baik, cukup membantu pekerjaan tetapi jangan sampai beberapa teknologi ini menghilangkan profesi manusia dalam bekerja"
"Itu merupakan hal yang bagus apabila dapat mengikuti perkembangan teknologi yang ada"
"kita harus bisa agar untuk tidak tergantikan dengan robotic tersebut, memang robotic sangat bagus untuk perkembangan teknologi, tp jika tenaga manusia tergantikan dengan robotic maka kita sebagai manusia akan kehilangan lapangan pekerjaan nantinya "
"Membawa dampak positif dan negatif. Tentu dampak positifnya aktivitas manusia menjadi lebih mudah, praktis, dan simpel. Dampak negatif pasti terkait dengan pergeseran eksistensi manusia dan pekerjaan atau profesi nya"
"Dengan kecanggihan yang sudah bermunculan akan sangat mempermudah dlm membantu dalam pekerjaaan kita agar lebih cepat, tetapi dg munculnya society 5.0 juga menekankan kita akan skill mengenai teknologi."
"saya sendiri takut ya karena beberapa hal yang kita kerjakan bisa digantikan dengan robot, ai"
"Kemunculan society 5.0 akan membuat berbagai sendi kehidupan berubah ke bantuan mesin sehingga semua aktivitas dipermudah."
"Era ini secara positif sangat membantu kehidupan manusia, namun kenyataan bahwa sebagian besar pekerjaan manusia akan tergantikan oleh AI membuat kekhawatiran sendiri akan eksistensi manusia"
"Kemunculan 3 hal tersebut tentunya dapat membantu kita sebagai manusia yang memiliki keterbatasan dalam berpikir dan terbatas dalam tenaga. Namun, tidak dapat dipungkiri ketiga hal tersebut menimbulkan rasa takut dan khawatir karena 3 hal ini begitu berbahaya jika disalahgunakan. Selain itu, banyaknya isu"" yang bermunculan tentang sebagian besar pekerjaan akan digantikan oleh Ai dan robot. "
"Menurut saya, Society 5.0 memiliki dampak positif dan negatif namun belum seimbang. Kemunculan tentang AI, robotic dan big data sebetulnya bisa membantu manusia dalam menyelesaikan pekerjaan dengan mudah dan cepat dalam jumlah banyak. namun seiring dengan perkembangan zaman ada ancaman juga pekerjaan manusia lah yang akan diambil oleh AI karna AI dapat dibayar dengan harga murah dan cepat menyelesaikan"
"Sangat membantu dalam mengerjakan tugas sehari-sehari sehingga dapat waktu lebih efisien dan pekerjaan dapat cepat selesai"
"Excited namun sedikit cemas"
"sangat bermanfaat"
"Berguna untuk membantu manusia dalam pekerjaan"
"Menurut saya Pribadi Membantu Masyarakat secara Fisik dan Secara emosi sangat tidak membantu manusia"
"bagus untuk meningkatkan efisiensi dan produktivitas dalam berbagai sektor"
"cukup terkesan dan merasa memang era sekarang sudah sangat berkembang"
"Cukup bagus dalam perkembangan efisiensi dan efektivitas kehidupan sehari-hari sebagai umat manusia di seluruh dunia pada seluruh aspek bidang kehidupan."
"Menurut saya dengan adanya society 5.0 membawa dampak yang baik bagi manusia yaitu memudahkan manusia untuk beraktifitas namun juga terdapat dampak buruk yaitu pekerjaan manusia akan tergantikan dengan sistem robotik sehingga manusia banyak Yang akan kehilangan pekerjaan"
"Bagus sebagai penunjang profesi, tetapi sebagai ancaman juga apabila tidak dapat bersaing dengan kemampuan digital"
"sangat baik demi meningkatkan IPTEK pada negara indonesia"
"Pendapat saya, di era society 5.0 akan menjadi era yang sangat maju dimana semua kegiatan dapat dibantu dengan AI, robotic dan big data sehingga memudahkan dalam kegiatan sehari-hari yang serba cepat."
"sangat bagus untuk menunjang karir, untuk membantu kita menyelesaikan suatu tugas dengan lebih efektif dan efisien"
"Menurut saya ada nya robotic dan kecerdasan buatan dapat memunculkan pengaruh negatif dan juga positif, pengaruh positif ada nya robotic dapat meringankan pekerjaan kita namun disamping itu dengan adanya robotic akan menambah angka pengangguran karena secara tidak langsung tenaga kerja manusia banyak tergantikan oleh tenaga buatan "
"Menurut saya dengan munculnya society 5.0 di era sekarang ini dapat berdampak pada semua bidang profesi "
"solusi atas permasalahan sosial dan kemajuan ekonomi melalui sistem integrasi antara dunia maya dan fisik."
"Menurut pendapat saya ada dampak negatif ada Dampak  positifnya, positif nya yaitu memudahkan dalam menjalankan sebuah pekerjaan.  Dan negatifnya yaitu kemungkinan sebagian orang akan tergantikan oleh IA"
"Menurut saya mengenai society 5.0 suatu terobosan yang baik bagi perkembangan zaman yang sesuai dengan berkembangnya tekhnologi. Semoga dengan munculnya era society 5.0 dapat membawa perubahan baik bagi masyarakat dalam segala aspek."
"Menurut saya dengan adanya society 5.0 ini memang dapat mempermudah segala aktivitas namun terlepas dari itu perlu memunculkan kembali era yg dulu agar tidak terlepas/terlupakan"
"bagus, karna dapat membantu mempermudah manusia"
"Diera society 5.0 ini dengan adanya munculnya big data robotic dan kecerdasan buatan membuat manusia lebih mudah untuk melakukan aktifitas sehari hari dengan bantuan robotic dan kecerdasan buatan membuat mereka lebih mudah untuk melakukannya setiah hari."
"Menurut saya, dengan munculnya society 5.0 ini dapat berdampak sekali terhadap bidang-bidang profesi yang ada, karena bisa jadi profesi yang ada bisa diganti dengan teknologi yang canggih sehingga dapat menimbulkan pengangguran. 
Tapi tentunya society 5.0 ini juga memiliki dapat positif tersendiri. "
"menurut saya bagus karena bisa membantu kita dalam mengerjakan pekerjaan, tapi kita juga tidak boleh terlalu ketergantungan terhadap teknologi tersebut"
"society 5.0 memiliki kelebihan yaitu akan semakin mempermudah kehidupan manusia di masa yang akan datang, sehingga menurut saya seharusnya manusia harus ikut berkembang agar nantinya tidak dapat digantikan oleh robot "
"Menurut saya, bagus karena mempermudah pekerjaaan"
"cukup bagus , karena dapat mempermudah pekerjaan "
"Menurut saya hal tersebut cukup membantu kita dalam melakukan pekerjaan "
"Menurut saya adanya society 5.0 menjadi ancaman bagi segala bidang profesi, akan banyak orang kehilangan pekerjaan dikarenakan profesi nya banyak digantikan dengan robotic."
"menurut saya, Society 5.0 adalah konsep yang diperkenalkan oleh pemerintah Jepang yang menggambarkan visi masyarakat di masa depan yang diintegrasikan dengan teknologi seperti big data, robotika, dan kecerdasan buatan (AI). Dalam Society 5.0, teknologi tersebut diharapkan dapat digunakan untuk meningkatkan kualitas hidup masyarakat, mengatasi tantangan sosial, dan mencapai keberlanjutan."
"Menurut saya, dengan  era society 5.0 ini lebih ada kemajuan atau lebih memperbudah bidang akuntansi untuk kedepannya"
"Menurut saya memang diera Society 5.0 ini banyak sekali kecerdasan manusia yang sudah digantikan oleh yang namanya mesin,,tetapii jika kita berpikir secara luas, meskipun manusia sudah akan digantikan oleh mesin akan tetapi peran manusia juga sangat penting karena SDM yg akan membuat mesin tersebut"
"Munculnya society 5.0 di era globalisasi saat ini akan mempengaruhi kehidupan dan cara kerja dunia. Munculnya big data, robotic memudahkan kinerja manusia. Aman tetapi hal itu juga mengancam pekerja manusia yang beralih ke penggunaan mesin atau robotic sehingga juga dapat mengurangi pekerja dan meningkatkan nya pengangguran. Manusia saat ini dituntut untuk bisa mengikuti perkembangan zaman dan meningkatkan skill"
"Jadi munculnya society 5.0 terhadap big data, robotic dan kecerdasan bisa meningkatkan efisiensi dan produktivitas "
"Secara keseluruhan, Society 5.0 menjanjikan kemajuan besar dalam berbagai bidang, mulai dari kesehatan, pendidikan, transportasi, hingga energi. Namun, penting untuk memastikan bahwa perkembangan teknologi ini digunakan untuk kebaikan manusia dan memberikan manfaat yang merata kepada seluruh masyarakat. "
"Menurut saya, dengan ada nya society 5.0 kelebihannya adalah seluruh pekerjaan akan cepat selesai. "
"Jika semua memakai robotic bagaimana dampak bagi seorang akuntan, menurut saya harus fivety², untuk seorang akuntan harus di terlibat kan"
"Pendapat saya pribadi setuju karena bisa menyeimbangkan antara kemajuan ekonomi dan penyelesaian berbagai masalah "
"Menurut saya munculnya big data, robotic dan kecerdasan buatan itu akan membuat seseorang akan malas untuk berpikir, dan melakukan sesuatu"
"Menurut saya Teknologi ini berdampak positif tergantung bagaimana individu dalam meminimalisir resiko dan peluang yang muncul di society 5.0"
"Dengan adanya society 5.0 dunia semakin berkembang dan bergerak dengan cepat. Melalui data society 5.0 juga diharapkan dapat meningkatkan kegiatan ekonomi sosial masyarakat. Masyarakat bisa menyeimbangkan antara kemajuan ekonomi dan penyelesaian masalah manusia yang terintegrasi dengan dunia maya dan nyata."
"Munculnya society 5.0 dunia akan semakin berkembang dan dapat meningkatkan kegiatan ekonomi "
"dengan adanya perkembangan society 5.0 ini dihrapkan kita sebagai mahasiswa kedepanya dapat meningkatkan skill agar dapat menyeimbangi"
"Menurut saya munculnya big data itu baik dan adanya robotic itu menjadikan kehidupan kita menjadi lebih gampang juga penemuan kecerdasan buatan itu penting."
"Teknologi semakin canggih sehingga mempermudah pekerjaan (kegiatan) manusia. "
"Beberapa orang akan menganggap hal ini sebagai pencapaian dalam hal perkembangan teknologi, dan menurut saya memang benar seperti itu. Menurut saya pribadi terdapat keuntungan dan kerugian dari society 5.0 ini dimana untuk kelebihannya adalah masyarakat akan dipermudah untuk membantu kegiatan hidupnya dengan kepintaran digital. Namun untuk kerugiannya adalah peran manusia akan mulai terganti dengan sistem AI dimana hal itu akan berdampak terhadap kesulitan dalam hal karir"
"Pastinya hal ini akan menimbulkan dampak positif dan negatif. Dampak positifnya yaitu masyarakat bisa menyeimbangkan antara kemajuan ekonomi dan penyelesaian masalah manusia yang terintegrasi dengan dunia maya dan nyata. Sedangkan dampak negatifnya adalah membuat masyarakat ketergantungan berlebih terhadap teknologi"
"Menurut saya, tentang era munculnya big data, robotic  dan kecerdasan buatan tersebut akan lebih mempercepat pekerjaan yang akan dilakukan. Tetapi, daya tahan yang digunakan pada robot bisa trouble dalam wktu yang singkat. Sehingga kurang efisien apabila menggunakan robotic tersebut."
"Dengan munculnya big data, robotic dan kecerdasan buatan akan membuat pekerjaan manusia lebih ringan dan praktis, tapi disamping itu akan mempersempit lapangan pekerjaan bahkan menambah populasi pengangguran. Karena pekerjaan yang biasa dikerjakan oleh manusia tergantikan oleh robot yang mana penyelesaiannya lebih cepat dari manusia."
"kita harus lebih meningkatkan kualitas diri"
"Hal tersebut merupakan kejadian yang tidak bisa kita ubah, tapi bisa kita ikuti"
"Sebagai mahasiswa perlu meningkatkan kreatifitas dan keterampilan dengan menerapkan soft skill dan hard skill. "
"Kurang suka, Karena bakal banyak perusahan yang lebih memilih menggunakan robot dari pada manusia"
"Baik karna pemanfaatkan teknologi modern namun masih mengandalkan manusia sebagai komponen utama "
"Sangat keren, tetapi kita harus lebih cerdas daripada kecerdasan buatan tersebut. "
"di era society 5.0 ini banyak teknologi terbarukan yang biasanya menggunakan kemampuan SDM tetapi malah digantikan dengan teknologi mesin."
"Menurut saya society 5.0 adalah era yang akan memungkinkan manusia menggunakan ilmu pengetahuan berbasis teknologi modern seperti Al dan robot yang akan mempermudah manusia menyelesaikan pekerjaan. "
"Dalam segi kepraktisan sangat menguntungkan karena kita bisa melakukan semua aktivitas dengan lebih mudah lagi
Tapi dalam segi kemanusiaan akan merugikan karna tenaga manusia akan digantikan oleh robot. "
"Adanya society 5.0 dapat membuat pengembangan dan kemajuan dalam suatu negara namun untuk menghadapi tantangan tersebut diperlukan kerja sama baik antar pemerintah maupun masyarakat di dalam negara tersebut."
"Kurang baik, karna bisa menggantikan peran manusia dalam melakukan pekerjaan"
"Saya kurang setuju karena banyak pekerja/karyawan akan di pecat dan angka pengangguran akan semakin naik karena datangnya robotic/kecerdasan buatan ini"
"Cukup baik"
"Sangat miris karna dimana pegawai atau pekerja akan digantikan oleh robotic tersebut dimana akan banyak ribuan atau miliyran orang pengangguran "
"Menurut saya sangat baik untuk masyarakat agar lebih maju dalam dunia teknologi dengan menyeimbangkan kemajuan teknologi dan penyelesaian masalah "
"Menurut saya society 5.0 dapat membantu manusia dalam meningkatkan kepekaan terhadap perubahan dan kemajuan teknologi yang ada. "
"Kemajuan teknologi ini sangat memberikan kemudahan bagi kita, yang mana teknologi saat ini dapat bekerja secara cepat dan efisien sehingga tidak banyak waktu yang dikeluarkan. Namun perlu juga dalam mewaspadai era ini terlebih tantangan yang dihadapi dalam hal keamanan data. Dalam menghadapi era seperti ini, perlu bagi kita untuk mempertimbangkan hal-hal yang baik dan bijak dalam menggunakan teknologi. Sehingga harapannya dengan adanya kemajuan teknologi ini tidak merusak keberagaman, moral, keadilan dan lain sebagainya. "
"Menurut saya sangat baik dengan adanya society 5.0. karena dengan adanya tersebut dapat memudahkan kita dalam menyimpan data dalam jumlah besar misalnya."
"Munculnya seperti di atas membuat pekerjaan manusia akan tergantikan jika tidak dapat beradaptasi."
"Iya"
"menurut pendapat saya terkait ini, kurang setuju karena akan banyak lapangan pekerjaan yang tergantikan oleh hal tersebut dan merugikan orang2 yang kesulitan ekonomi"
"Negatif "
"Pendapat saya mengenai muncul robotik dan segala fungsnya merupakan suatu hal yang baik karena dapat membantu memperlancar keseluruhan kegiatan dalam dunia akuntansi"
"Menurut saya hal ini sangat berpengaruh pada kinerja atau profesi akuntansi ke depann hal ini akan banyak mebuat perubahan yang signifikan bagi para akuntan"
"Negatif, karena kemunculan tersebut sangat berdampak pada kemungkinan punahnya profesi akuntansi"
"Menurut saya, adanya society 5.0 sangat berpengaruh terutama dalam bidang akuntansi karena peran manusia bisa tergantikan dan lapangan pekerjaan akan semakin berkurang yang menyebabkan banyaknya pengangguran "
"Negatif, karena mengikuti perkembangan teknologi saat ini dan untuk masa yang akan datang"
"Saya sangat setuju jika ada perubahan dari robotic dan sangat apresiasi sekali"
"Sangat bermanfaat "
"Menurut saya, perkembangan teknologi itu sendiri tidak bisa dihindari. Tapi pada dasarnya, kecerdasan buatan masih belum bisa terlepas dari peran manusia itu sendiri. Ada baiknya teknologi terus dikembangkan dan diperbarui, namun tidak melupakan bahwa manusia juga menjadi akar dan pemicu dari kegunaan teknologi tersebut. Manusia tidak boleh kalah ataupun menyerah begitu saja dan terus menerus untuk mempelajari perkembangan yang ada agar tidak mudah tertinggal. "
"Bagus, kemajuan teknologi semakin berkembang, dan menghilangkan profesi akuntansi. Seorang akuntan bisa memilih profesi atau pekerjaan lain yang bisa mendorong & memanfaatkan kemajuan teknologi tersebut."
"Menurut saya era ini sangat membantu dalam hal kegiatan sehari² maupun dalam hal bisnis akan tetapi juga memiliki dampak yang kurang pada beberapa sosial yang memiliki pendidikan rendah atau kurang berpendidikan."
"Society 5.0 bisa membantu menyeimbangkan manusia dan penyelesaian masalah dalam dunia nyata maupun maya. Dan membantu meringankan pekerjaan yang awalnya sulit menjadi lebih mudah sedikit"
"Seiring dengan perkembangan zaman, berbagai konsep teknologi pun turut berkembang dengan pesat. Salah satunya adalah konsep society 5.0 yang pertama kali digagas oleh negara Jepang. Konsep ini bertujuan untuk memudahkan kebutuhan manusia dengan penggunaan ilmu pengetahuan berbasis teknologi modern. Misalnya Artificial Intelligence (AI), Internet of Things (IoT), dan robot. Istilah Society 5.0 sendiri baru populer sejak 2 tahun yang lalu, tepatnya pada 21 Januari 2019. Istilah ini menjadi perkembangan atas revolusi industri 4.0 atau Society 4.0. Inilah sebabnya kedua konsep tersebut tidak memiliki banyak perbedaan. Hanya saja, keduanya memiliki fokus yang berbeda. Revolusi industri cenderung menjadi konsep yang memudahkan kehidupan manusia dengan adanya AI sebagai komponen utama. Sementara Society 5.0 adalah pemanfaatan teknologi modern, namun masih mengandalkan manusia sebagai komponen utamanya. Dengan manusia sebagai komponen utamanya, konsep ini akan menciptakan suatu perkembangan teknologi yang mampu meminimalisir kesenjangan pada manusia. Hal ini hampir sama dengan konsep yang Marketing 5.0 usung. Di mana Marketing 5.0 mengombinasikan teknologi dan humanity atau peran manusia.
"
"Society 5.0 adalah sebuah konsep masyarakat yang diusulkan Jepang dengan berpusat kepada manusia untuk menyeimbangkan solusi atas permasalahan sosial dan kemajuan ekonomi melalui sistem integrasi antara dunia maya dan fisik."
"sebuah konsep masyarakat yang diusulkan Jepang dengan berpusat kepada manusia untuk menyeimbangkan solusi atas permasalahan sosial dan kemajuan ekonomi melalui sistem integrasi antara dunia maya dan fisik."
"masyarakat 5.0 atau society 5.0 adalah masyarakat yang dapat menyelesaikan berbagai tantangan dan permasalahan sosial dengan memanfaatkan beragam inovasi yang lahir di era revolusi industri 4.0. Contohnya Internet on Things, Artificial Intelligence (kecerdasan buatan), Big Data (data dalam jumlah besar), dan robot untuk meningkatkan kualitas hidup. Konsep ini merupakan penyempurnaan dari berbagai konsep yang ada sebelumnya. Mulai dari Society 1.0 di mana manusia berada di era berburu dan mengenal tulisan. Kemudian Society 2.0 yang merupakan era pertanian, di mana masyarakat sudah mulai bercocok tanam. Society 3.0 yang sudah memasuki era industri, yaitu ketika manusia sudah memanfaatkan mesin untuk membantu aktivitas. Serta Society 4.0 atau revolusi industri 4.0, di mana manusia sudah mengenal teknologi komputer hingga internet. Kini, Society 5.0 hadir dengan mengusung konsep bahwa semua teknologi adalah bagian dari manusia itu sendiri. Artinya, internet tidak hanya berguna untuk berbagi informasi dan menganalisis data, melainkan juga untuk menjalani kehidupan. Dengan demikian, akan tercipta keseimbangan antara peran manusia (masyarakat) dan pemanfaatan teknologi."
"Dengan adanya Society 5.0 bisa menyeimbangkan antara kemajuan ekonomi dan penyelesaian permasalahan yang terigerentasi di dunia maya"
"Menurut saya tidak bagus karena kecerdasan bukan di buat- buat melainkan kecerdasan tumbuh pada diri sendiri "
"Menurut saya, munculnya ini sangat berpengaruh "
"Menurut pendapat saya tentang Society 5.0 ini mencapai tingkat konvergensi yang tinggi antara dunia maya (virtual space) dan ruang fisik (real space). Pada society 4.0 sebelumnya, manusia akan mengakses layanan cloud (database) di dunia maya melalui Internet. Mereka akan mencari, mengambil, serta menganalisis informasi atau data yang ada. Sementara itu, di society 5.0, sejumlah besar informasi dari sensor di ruang fisik terakumulasi di dunia maya. Nantinya, data dalam jumlah besar (big data) ini akan dianalisis dengan kecerdasan buatan (AI). "
"Seiring dengan perkembangan zaman, berbagai konsep teknologi pun turut berkembang dengan pesat. Salah satunya adalah konsep society 5.0 yang pertama kali digagas oleh negara Jepang. Konsep ini bertujuan untuk memudahkan kebutuhan manusia dengan penggunaan ilmu pengetahuan berbasis teknologi modern. Misalnya Artificial Intelligence (AI), Internet of Things (IoT), dan robot. Istilah Society 5.0 sendiri baru populer sejak 2 tahun yang lalu, tepatnya pada 21 Januari 2019. Istilah ini menjadi perkembangan atas revolusi industri 4.0 atau Society 4.0. "
"menurut saya society 5.0 sangat membantu kita dalam memaksimalkan penggunaan teknologi"
"Setuju"
"Menurut saya
Society 5.0 mencapai tingkat konvergensi yang tinggi antara dunia maya (virtual space) dan ruang fisik (real space). Pada society 4.0 sebelumnya, manusia akan mengakses layanan cloud (database) di dunia maya melalui Internet. Mereka akan mencari, mengambil, serta menganalisis informasi atau data yang ada. Sementara itu, di society 5.0, sejumlah besar informasi dari sensor di ruang fisik terakumulasi di dunia maya. Nantinya, data dalam jumlah besar (big data) ini akan dianalisis dengan kecerdasan buatan (AI). Kemudian hasil analisis dan pemrosesan data tersebut akan diumpankan kembali ke manusia di ruang fisik dalam berbagai bentuk. Secara sederhana, society 4.0 adalah tentang mengumpulkan informasi melalui jaringan dan menganalisisnya. Namun, di Society 5.0, manusia dan sistem akan terhubung di dunia maya dan mendapatkan hasil maksimal dengan bantuan AI. Hasil tersebut kemudian akan diumpankan kembali ke ruang fisik (real space). Proses ini tentunya membawa nilai baru bagi industri dan masyarakat. Serta memengaruhi berbagai aspek kehidupan manusia. Baik dalam dunia industri, proses produksi, pengambilan keputusan dan forecasting, strategi marketing atau pemasaran, dan lain sebagainya."
"menurut pendapat saya society 5.0 merupakan segala konsep masyarakat yang akan digantikan dengan sebuah teknologi untuk memenuhi kebutuhan sehari-hari, dan berpusat pada manusia yang berkolaborasi dengan teknologi"
"sebuah konsep masyarakat yang diusulkan Jepang dengan berpusat kepada manusia untuk menyeimbangkan solusi atas permasalahan sosial dan kemajuan ekonomi melalui sistem integrasi antara dunia maya dan fisik."
"
Society 5.0 dengan adanya big data robotik dan kecerdasan buatan memiliki potensi besar untuk membawa perubahan positif bagi kehidupan kita. Namun penting bagi kita untuk mempertimbangkan dengan matang dampak dan implikasi dari perkembangan ini dalam memastikan bahwa perkembangan ini benar-benar membantu meningkatkan kualitas hidup secara menyeluruh."
"konsep yang memungkinkan umat manusia menggunakan ilmu pengetahuan berbasis teknologi modern seperti AI dan robot untuk memenuhi kebutuhan dan mempermudah kehidupan manusia"
"Menurut pendapat saya sebuah konsep masyarakat yang diusulkan Jepang dengan berpusat kepada manusia untuk menyeimbangkan solusi atas permasalahan sosial dan kemajuan ekonomi melalui sistem integrasi antara dunia maya dan fisik."
"society 5.0 adalah masyarakat yang dapat menyelesaikan berbagai tantangan dan permasalahan sosial dengan memanfaatkan beragam inovasi yang lahir di era revolusi industri 4.0. Contohnya Internet on Things, Artificial Intelligence (kecerdasan buatan), Big Data (data dalam jumlah besar), dan robot untuk meningkatkan kualitas hidup. Konsep ini merupakan penyempurnaan dari berbagai konsep yang ada sebelumnya. Mulai dari Society 1.0 di mana manusia berada di era berburu dan mengenal tulisan. Kemudian Society 2.0 yang merupakan era pertanian, di mana masyarakat sudah mulai bercocok tanam. Society 3.0 yang sudah memasuki era industri, yaitu ketika manusia sudah memanfaatkan mesin untuk membantu aktivitas. Serta Society 4.0 atau revolusi industri 4.0, di mana manusia sudah mengenal teknologi komputer hingga internet. Kini, Society 5.0 hadir dengan mengusung konsep bahwa semua teknologi adalah bagian dari manusia itu sendiri. Artinya, internet tidak hanya berguna untuk berbagi informasi dan menganalisis data, melainkan juga untuk menjalani kehidupan. Dengan demikian, akan tercipta keseimbangan antara peran manusia (masyarakat) dan pemanfaatan teknologi."
"Menurut Saya Konsep ini bertujuan untuk memudahkan kebutuhan manusia dengan penggunaan ilmu pengetahuan berbasis teknologi modern. Misalnya Artificial Intelligence (AI), Internet of Things (IoT), dan robot."
"Menurut saya merupakan sebuah konsep masyarakat yang diusulkan Jepang dengan berpusat kepada manusia untuk menyeimbangkan solusi atas permasalahan sosial dan kemajuan ekonomi melalui sistem integrasi antara dunia maya dan fisik."
"Menurut saya , tentunya sangat manfaat sekali karena Konsep ini bertujuan untuk memudahkan kebutuhan manusia dengan penggunaan ilmu pengetahuan berbasis teknologi modern."
"Apa itu Kecerdasan Buatan?
Machine Learning dan Deep Learning
Memulai Layanan Amazon AI
Amazon AI
Machine Learning
Deep Learning
Kecerdasan Buatan (AI) adalah bidang ilmu komputer yang dikhususkan untuk memecahkan masalah kognitif yang umumnya terkait dengan kecerdasan manusia, seperti pembelajaran, pemecahan masalah, dan pengenalan pola. Kecerdasan Buatan, sering disingkat sebagai ""AI"", mungkin berkonotasi dengan robotika atau adegan futuristik, Kecerdasan Buatan (AI) mengungguli robot fiksi ilmiah, ke dalam non-fiksi ilmu komputer canggih modern. Profesor Pedro Domingos, seorang peneliti terkemuka di bidang ini, menggambarkan ""lima suku"" machine learning, yang terdiri dari simbolis, yang berasal dari logika dan filsafat; koneksionis, yang berasal dari ilmu saraf; evolusioner, berkaitan dengan biologi evolusioner; Bayesian, berhubungan dengan statistik dan probabilitas; dan analogis yang berasal dari psikologi. Baru-baru ini, kemajuan dalam efisiensi komputasi statistik telah membuat Bayesian berhasil memajukan bidang di sejumlah area, yang disebut ""machine learning"". Demikian pula, kemajuan dalam komputasi jaringan telah menyebabkan koneksionis memperluas ke subbidang yang disebut ""deep learning"". Machine learning (ML) dan deep learning (DL) merupakan bidang ilmu komputer yang berasal dari disiplin Kecerdasan Buatan."
"Mulai dari Society 1.0 di mana manusia berada di era berburu dan mengenal tulisan. Kemudian Society 2.0 yang merupakan era pertanian, di mana masyarakat sudah mulai bercocok tanam. Society 3.0 yang sudah memasuki era industri, yaitu ketika manusia sudah memanfaatkan mesin untuk membantu aktivitas. Serta Society 4.0 atau revolusi industri 4.0, di mana manusia sudah mengenal teknologi komputer hingga internet. Kini, Society 5.0 hadir dengan mengusung konsep bahwa semua teknologi adalah bagian dari manusia itu sendiri. Artinya, internet tidak hanya berguna untuk berbagi informasi dan menganalisis data, melainkan juga untuk menjalani kehidupan. Dengan demikian, akan tercipta keseimbangan antara peran manusia (masyarakat) dan pemanfaatan teknologi.
"
"Secara keseluruhan terlihat seperti teknologi yang membantu manusia dalam melakukan pekerjaan, namun disisi lain perlu disadari secara mendalam bahwa hal² terdebut juga mengancam eksistensi manusia di dalam lapangan pekerjaan."
"menurut saya cukup baik karena munculnya data terserbut memberikan bukti nyata bahwa negara sedang berkembang."
"Muncul nya big data, robotic dan kecerdasan buatan merupakan inovasi baru seiring berkembang nya zaman, segala sesuatu nya dapat di lakukakan dengan mudah, akan tetapi dengan adanya teknologi tersebut dapat mempersempit lapangan pekerjaan"
"pendapat saya adanya kecerdasan buatan membuat manusia menjadi malas dan bergantung pada AI"
"Untuk memudahkan"
"Mempermudah"
"society 5.0 merupakan era yang harus dimanfaatkan dan dikelola dengan baik untuk bisa tercipta nya teknologi yang efektif dan efisien tanpa merubah tatanan dan peran utama manusia sebagai kontrol utama"
"pendapat saya dengan adanya society 5.0 tersebut memang memudahkan berbagai kegiatan atau profesi "
"Tentunya dengan adanya ero society 5.0 dunia semakin berkembang dan bergerak dengan cepat.
Kita terbantu dengan banyaknya teknologi salah satunya yaitu AI dan kehadiran teknologi internet di tengah-tengah masyarakat tidak hanya berguna untuk berbagi informasi saja atau untuk menganalisis data saja"
"Society 5.0 sangat membantu manusia atau mempermudahkan urusan manusia dalam kehiupan sehari-hari"
"bagus, tergantung adaptasi manusia dalam menyesuaikan dgn alat teknologi"
"membantu tapi juga mengerikan"
"Munculnya era 5.0 dapat membantu manusia untuk mempermudah pekerjaan"
"era ini akan mendegradasi manusia dalam pola pikir dan kinerja. maka manusia dituntut harus lebih aware akan perkembangan teknolgi dan praktik (tenaga ahli masing2)"
